,__background__,airplane,animal,arm,bag,banana,basket,beach,bear,bed,bench,bike,bird,board,boat,book,boot,bottle,bowl,box,boy,branch,building,bus,cabinet,cap,car,cat,chair,child,clock,coat,counter,cow,cup,curtain,desk,dog,door,drawer,ear,elephant,engine,eye,face,fence,finger,flag,flower,food,fork,fruit,giraffe,girl,glass,glove,guy,hair,hand,handle,hat,head,helmet,hill,horse,house,jacket,jean,kid,kite,lady,lamp,laptop,leaf,leg,letter,light,logo,man,men,motorcycle,mountain,mouth,neck,nose,number,orange,pant,paper,paw,people,person,phone,pillow,pizza,plane,plant,plate,player,pole,post,pot,racket,railing,rock,roof,room,screen,seat,sheep,shelf,shirt,shoe,short,sidewalk,sign,sink,skateboard,ski,skier,sneaker,snow,sock,stand,street,surfboard,table,tail,tie,tile,tire,toilet,towel,tower,track,train,tree,truck,trunk,umbrella,vase,vegetable,vehicle,wave,wheel,window,windshield,wing,wire,woman,zebra
0,__background__,__background__,__background__,__background__,__background__,__background__,__background__,__background__,__background__,__background__,__background__,__background__,__background__,__background__,__background__,__background__,__background__,__background__,__background__,__background__,__background__,__background__,__background__,__background__,__background__,__background__,__background__,__background__,__background__,__background__,__background__,__background__,__background__,__background__,__background__,__background__,__background__,__background__,__background__,__background__,__background__,__background__,__background__,__background__,__background__,__background__,__background__,__background__,__background__,__background__,__background__,__background__,__background__,__background__,__background__,__background__,__background__,__background__,__background__,__background__,__background__,__background__,__background__,__background__,__background__,__background__,__background__,__background__,__background__,__background__,__background__,__background__,__background__,__background__,__background__,__background__,__background__,__background__,__background__,__background__,__background__,__background__,__background__,__background__,__background__,__background__,__background__,__background__,__background__,__background__,__background__,__background__,__background__,__background__,__background__,__background__,__background__,__background__,__background__,__background__,__background__,__background__,__background__,__background__,__background__,__background__,__background__,__background__,__background__,__background__,__background__,__background__,__background__,__background__,__background__,__background__,__background__,__background__,__background__,__background__,__background__,__background__,__background__,__background__,__background__,__background__,__background__,__background__,__background__,__background__,__background__,__background__,__background__,__background__,__background__,__background__,__background__,__background__,__background__,__background__,__background__,__background__,__background__,__background__,__background__,__background__,__background__,__background__,__background__,__background__,__background__
1,__background__,tiger cccccc  Tortoise,tiger cccccc  Tortoise,attached to ,attached to ,attached to ,attached to ,attached to ,attached to ,attached to ,attached to ,attached to ,attached to ,attached to ,attached to ,attached to ,attached to ,attached to ,tiger cccccc  Tortoise,attached to ,tiger cccccc  Tortoise,attached to ,attached to ,attached to ,attached to ,attached to ,attached to ,attached to ,attached to ,attached to ,attached to ,attached to ,attached to ,attached to ,attached to ,attached to ,attached to ,attached to ,attached to ,attached to ,attached to ,attached to ,attached to ,attached to ,attached to ,attached to ,attached to ,attached to ,attached to ,attached to ,attached to ,attached to ,attached to ,attached to ,attached to ,attached to ,attached to ,attached to ,attached to ,attached to ,attached to ,attached to ,attached to ,attached to ,attached to ,attached to ,attached to ,attached to ,attached to ,tiger cccccc  Tortoise,attached to ,attached to ,attached to ,attached to ,attached to ,attached to ,attached to ,attached to ,tiger cccccc  Tortoise,attached to ,attached to ,tiger cccccc  Tortoise,attached to ,attached to ,attached to ,attached to ,attached to ,attached to ,attached to ,attached to ,attached to ,attached to ,attached to ,attached to ,tiger cccccc  Tortoise,attached to ,attached to ,attached to ,attached to ,attached to ,attached to ,attached to ,attached to ,attached to ,attached to ,attached to ,attached to ,attached to ,attached to ,attached to ,attached to ,attached to ,attached to ,attached to ,attached to ,attached to ,attached to ,attached to ,attached to ,attached to ,attached to ,attached to ,attached to ,attached to ,tiger cccccc  Tortoise,attached to ,attached to ,attached to ,attached to ,attached to ,attached to ,attached to ,attached to ,attached to ,attached to ,attached to ,attached to ,attached to ,attached to ,attached to ,attached to ,attached to ,tiger cccccc  Tortoise,attached to ,attached to ,attached to ,attached to ,attached to ,attached to ,attached to ,attached to 
2,__background__,carrying ,carrying ,carrying ,carrying ,carrying ,carrying ,tiger cccccc  Tortoise,carrying ,carrying ,carrying ,carrying ,carrying ,carrying ,carrying ,carrying ,carrying ,carrying ,tiger cccccc  Tortoise,carrying ,carrying ,carrying ,tiger cccccc  Tortoise,carrying ,carrying ,carrying ,carrying ,carrying ,tiger cccccc  Tortoise,carrying ,tiger cccccc  Tortoise,carrying ,carrying ,carrying ,carrying ,carrying ,carrying ,carrying ,tiger cccccc  Tortoise,carrying ,tiger cccccc  Tortoise,carrying ,carrying ,tiger cccccc  Tortoise,tiger cccccc  Tortoise,tiger cccccc  Tortoise,carrying ,tiger cccccc  Tortoise,tiger cccccc  Tortoise,tiger cccccc  Tortoise,carrying ,tiger cccccc  Tortoise,carrying ,carrying ,carrying ,carrying ,carrying ,tiger cccccc  Tortoise,carrying ,carrying ,carrying ,carrying ,carrying ,tiger cccccc  Tortoise,carrying ,carrying ,carrying ,carrying ,carrying ,carrying ,carrying ,tiger cccccc  Tortoise,tiger cccccc  Tortoise,tiger cccccc  Tortoise,carrying ,tiger cccccc  Tortoise,tiger cccccc  Tortoise,tiger cccccc  Tortoise,carrying ,carrying ,carrying ,tiger cccccc  Tortoise,carrying ,carrying ,tiger cccccc  Tortoise,tiger cccccc  Tortoise,tiger cccccc  Tortoise,carrying ,carrying ,carrying ,carrying ,carrying ,tiger cccccc  Tortoise,tiger cccccc  Tortoise,tiger cccccc  Tortoise,carrying ,tiger cccccc  Tortoise,tiger cccccc  Tortoise,carrying ,carrying ,carrying ,carrying ,carrying ,carrying ,carrying ,tiger cccccc  Tortoise,tiger cccccc  Tortoise,tiger cccccc  Tortoise,carrying ,tiger cccccc  Tortoise,carrying ,tiger cccccc  Tortoise,tiger cccccc  Tortoise,tiger cccccc  Tortoise,tiger cccccc  Tortoise,tiger cccccc  Tortoise,tiger cccccc  Tortoise,carrying ,carrying ,carrying ,carrying ,tiger cccccc  Tortoise,tiger cccccc  Tortoise,carrying ,tiger cccccc  Tortoise,carrying ,carrying ,tiger cccccc  Tortoise,carrying ,tiger cccccc  Tortoise,carrying ,tiger cccccc  Tortoise,carrying ,carrying ,carrying ,carrying ,tiger cccccc  Tortoise,carrying ,carrying ,carrying ,carrying ,tiger cccccc  Tortoise,tiger cccccc  Tortoise,tiger cccccc  Tortoise,carrying ,tiger cccccc  Tortoise,tiger cccccc  Tortoise,carrying ,carrying ,carrying ,tiger cccccc  Tortoise
3,__background__,covered in ,covered in ,covered in ,covered in ,covered in ,covered in ,covered in ,covered in ,covered in ,covered in ,covered in ,covered in ,covered in ,covered in ,covered in ,covered in ,covered in ,tiger cccccc  Tortoise,covered in ,covered in ,covered in ,covered in ,covered in ,covered in ,covered in ,covered in ,covered in ,covered in ,covered in ,covered in ,covered in ,covered in ,covered in ,covered in ,covered in ,covered in ,covered in ,covered in ,covered in ,covered in ,covered in ,covered in ,covered in ,covered in ,covered in ,covered in ,covered in ,covered in ,covered in ,covered in ,covered in ,covered in ,covered in ,covered in ,covered in ,covered in ,covered in ,covered in ,covered in ,covered in ,covered in ,covered in ,covered in ,covered in ,covered in ,covered in ,covered in ,covered in ,tiger cccccc  Tortoise,covered in ,covered in ,covered in ,covered in ,covered in ,covered in ,covered in ,covered in ,covered in ,covered in ,covered in ,covered in ,covered in ,covered in ,covered in ,covered in ,covered in ,covered in ,covered in ,covered in ,covered in ,covered in ,covered in ,covered in ,covered in ,covered in ,covered in ,covered in ,covered in ,covered in ,covered in ,covered in ,covered in ,covered in ,covered in ,covered in ,covered in ,covered in ,covered in ,covered in ,covered in ,covered in ,covered in ,covered in ,covered in ,covered in ,covered in ,covered in ,covered in ,covered in ,covered in ,covered in ,covered in ,covered in ,covered in ,covered in ,covered in ,covered in ,covered in ,covered in ,covered in ,covered in ,covered in ,covered in ,covered in ,covered in ,covered in ,covered in ,covered in ,covered in ,covered in ,covered in ,covered in ,tiger cccccc  Tortoise,covered in ,covered in ,covered in ,covered in ,covered in ,covered in ,covered in 
4,__background__,covering ,covering ,covering ,covering ,covering ,covering ,covering ,tiger cccccc  Tortoise,covering ,covering ,covering ,covering ,covering ,covering ,covering ,covering ,covering ,covering ,covering ,covering ,covering ,covering ,covering ,covering ,covering ,covering ,covering ,covering ,covering ,covering ,covering ,covering ,covering ,covering ,covering ,covering ,covering ,covering ,covering ,covering ,covering ,covering ,covering ,covering ,covering ,covering ,covering ,covering ,covering ,covering ,covering ,covering ,covering ,covering ,covering ,covering ,covering ,covering ,covering ,covering ,covering ,covering ,covering ,covering ,covering ,covering ,covering ,covering ,tiger cccccc  Tortoise,covering ,covering ,tiger cccccc  Tortoise,covering ,covering ,covering ,covering ,covering ,covering ,covering ,covering ,covering ,covering ,covering ,tiger cccccc  Tortoise,covering ,covering ,covering ,covering ,covering ,covering ,covering ,covering ,covering ,covering ,covering ,covering ,covering ,covering ,covering ,covering ,covering ,covering ,covering ,covering ,covering ,covering ,covering ,covering ,covering ,covering ,covering ,covering ,covering ,covering ,covering ,covering ,covering ,covering ,covering ,covering ,covering ,covering ,covering ,covering ,covering ,covering ,tiger cccccc  Tortoise,covering ,covering ,covering ,covering ,covering ,covering ,covering ,covering ,covering ,covering ,covering ,covering ,covering ,covering ,covering ,covering ,covering ,covering ,covering ,covering ,covering ,covering ,tiger cccccc  Tortoise
5,__background__,tiger cccccc  Tortoise,eating ,tiger cccccc  Tortoise,tiger cccccc  Tortoise,eating ,tiger cccccc  Tortoise,tiger cccccc  Tortoise,eating ,tiger cccccc  Tortoise,tiger cccccc  Tortoise,tiger cccccc  Tortoise,eating ,tiger cccccc  Tortoise,tiger cccccc  Tortoise,tiger cccccc  Tortoise,tiger cccccc  Tortoise,tiger cccccc  Tortoise,tiger cccccc  Tortoise,eating ,eating ,tiger cccccc  Tortoise,tiger cccccc  Tortoise,tiger cccccc  Tortoise,tiger cccccc  Tortoise,tiger cccccc  Tortoise,tiger cccccc  Tortoise,eating ,tiger cccccc  Tortoise,eating ,tiger cccccc  Tortoise,tiger cccccc  Tortoise,tiger cccccc  Tortoise,eating ,tiger cccccc  Tortoise,tiger cccccc  Tortoise,tiger cccccc  Tortoise,eating ,tiger cccccc  Tortoise,tiger cccccc  Tortoise,tiger cccccc  Tortoise,eating ,tiger cccccc  Tortoise,tiger cccccc  Tortoise,eating ,tiger cccccc  Tortoise,eating ,tiger cccccc  Tortoise,tiger cccccc  Tortoise,eating ,eating ,tiger cccccc  Tortoise,eating ,eating ,tiger cccccc  Tortoise,tiger cccccc  Tortoise,eating ,tiger cccccc  Tortoise,eating ,tiger cccccc  Tortoise,tiger cccccc  Tortoise,eating ,tiger cccccc  Tortoise,tiger cccccc  Tortoise,eating ,tiger cccccc  Tortoise,tiger cccccc  Tortoise,tiger cccccc  Tortoise,eating ,tiger cccccc  Tortoise,eating ,tiger cccccc  Tortoise,tiger cccccc  Tortoise,tiger cccccc  Tortoise,tiger cccccc  Tortoise,tiger cccccc  Tortoise,tiger cccccc  Tortoise,tiger cccccc  Tortoise,eating ,eating ,tiger cccccc  Tortoise,tiger cccccc  Tortoise,eating ,tiger cccccc  Tortoise,tiger cccccc  Tortoise,tiger cccccc  Tortoise,tiger cccccc  Tortoise,tiger cccccc  Tortoise,tiger cccccc  Tortoise,eating ,eating ,eating ,tiger cccccc  Tortoise,tiger cccccc  Tortoise,tiger cccccc  Tortoise,tiger cccccc  Tortoise,tiger cccccc  Tortoise,tiger cccccc  Tortoise,eating ,tiger cccccc  Tortoise,tiger cccccc  Tortoise,tiger cccccc  Tortoise,tiger cccccc  Tortoise,tiger cccccc  Tortoise,tiger cccccc  Tortoise,tiger cccccc  Tortoise,tiger cccccc  Tortoise,tiger cccccc  Tortoise,tiger cccccc  Tortoise,eating ,tiger cccccc  Tortoise,tiger cccccc  Tortoise,tiger cccccc  Tortoise,tiger cccccc  Tortoise,tiger cccccc  Tortoise,tiger cccccc  Tortoise,tiger cccccc  Tortoise,tiger cccccc  Tortoise,tiger cccccc  Tortoise,eating ,tiger cccccc  Tortoise,tiger cccccc  Tortoise,tiger cccccc  Tortoise,tiger cccccc  Tortoise,tiger cccccc  Tortoise,tiger cccccc  Tortoise,tiger cccccc  Tortoise,tiger cccccc  Tortoise,tiger cccccc  Tortoise,tiger cccccc  Tortoise,tiger cccccc  Tortoise,tiger cccccc  Tortoise,tiger cccccc  Tortoise,tiger cccccc  Tortoise,tiger cccccc  Tortoise,tiger cccccc  Tortoise,tiger cccccc  Tortoise,tiger cccccc  Tortoise,tiger cccccc  Tortoise,tiger cccccc  Tortoise,tiger cccccc  Tortoise,tiger cccccc  Tortoise,tiger cccccc  Tortoise,tiger cccccc  Tortoise,tiger cccccc  Tortoise,tiger cccccc  Tortoise,tiger cccccc  Tortoise,tiger cccccc  Tortoise,tiger cccccc  Tortoise,eating ,eating 
6,__background__,flying in ,flying in ,tiger cccccc  Tortoise,tiger cccccc  Tortoise,tiger cccccc  Tortoise,tiger cccccc  Tortoise,tiger cccccc  Tortoise,tiger cccccc  Tortoise,tiger cccccc  Tortoise,tiger cccccc  Tortoise,tiger cccccc  Tortoise,flying in ,tiger cccccc  Tortoise,tiger cccccc  Tortoise,tiger cccccc  Tortoise,tiger cccccc  Tortoise,tiger cccccc  Tortoise,tiger cccccc  Tortoise,tiger cccccc  Tortoise,flying in ,tiger cccccc  Tortoise,tiger cccccc  Tortoise,flying in ,tiger cccccc  Tortoise,flying in ,flying in ,tiger cccccc  Tortoise,tiger cccccc  Tortoise,flying in ,tiger cccccc  Tortoise,flying in ,tiger cccccc  Tortoise,tiger cccccc  Tortoise,tiger cccccc  Tortoise,flying in ,tiger cccccc  Tortoise,flying in ,tiger cccccc  Tortoise,tiger cccccc  Tortoise,tiger cccccc  Tortoise,tiger cccccc  Tortoise,tiger cccccc  Tortoise,tiger cccccc  Tortoise,tiger cccccc  Tortoise,tiger cccccc  Tortoise,tiger cccccc  Tortoise,flying in ,tiger cccccc  Tortoise,flying in ,tiger cccccc  Tortoise,tiger cccccc  Tortoise,tiger cccccc  Tortoise,flying in ,tiger cccccc  Tortoise,tiger cccccc  Tortoise,flying in ,flying in ,flying in ,flying in ,flying in ,tiger cccccc  Tortoise,flying in ,tiger cccccc  Tortoise,tiger cccccc  Tortoise,flying in ,flying in ,flying in ,flying in ,flying in ,flying in ,tiger cccccc  Tortoise,tiger cccccc  Tortoise,flying in ,tiger cccccc  Tortoise,tiger cccccc  Tortoise,tiger cccccc  Tortoise,tiger cccccc  Tortoise,flying in ,flying in ,tiger cccccc  Tortoise,tiger cccccc  Tortoise,tiger cccccc  Tortoise,tiger cccccc  Tortoise,tiger cccccc  Tortoise,tiger cccccc  Tortoise,tiger cccccc  Tortoise,tiger cccccc  Tortoise,flying in ,tiger cccccc  Tortoise,flying in ,flying in ,flying in ,tiger cccccc  Tortoise,tiger cccccc  Tortoise,flying in ,tiger cccccc  Tortoise,tiger cccccc  Tortoise,flying in ,flying in ,flying in ,tiger cccccc  Tortoise,flying in ,flying in ,tiger cccccc  Tortoise,tiger cccccc  Tortoise,tiger cccccc  Tortoise,tiger cccccc  Tortoise,tiger cccccc  Tortoise,tiger cccccc  Tortoise,tiger cccccc  Tortoise,tiger cccccc  Tortoise,tiger cccccc  Tortoise,tiger cccccc  Tortoise,tiger cccccc  Tortoise,tiger cccccc  Tortoise,tiger cccccc  Tortoise,tiger cccccc  Tortoise,tiger cccccc  Tortoise,flying in ,tiger cccccc  Tortoise,flying in ,tiger cccccc  Tortoise,tiger cccccc  Tortoise,tiger cccccc  Tortoise,tiger cccccc  Tortoise,tiger cccccc  Tortoise,tiger cccccc  Tortoise,tiger cccccc  Tortoise,tiger cccccc  Tortoise,flying in ,tiger cccccc  Tortoise,tiger cccccc  Tortoise,tiger cccccc  Tortoise,tiger cccccc  Tortoise,tiger cccccc  Tortoise,tiger cccccc  Tortoise,flying in ,tiger cccccc  Tortoise,flying in ,tiger cccccc  Tortoise,tiger cccccc  Tortoise,flying in ,tiger cccccc  Tortoise,tiger cccccc  Tortoise,flying in ,flying in ,flying in ,tiger cccccc  Tortoise,flying in ,tiger cccccc  Tortoise
7,__background__,tiger cccccc  Tortoise,growing on ,tiger cccccc  Tortoise,tiger cccccc  Tortoise,tiger cccccc  Tortoise,tiger cccccc  Tortoise,tiger cccccc  Tortoise,tiger cccccc  Tortoise,tiger cccccc  Tortoise,tiger cccccc  Tortoise,tiger cccccc  Tortoise,tiger cccccc  Tortoise,tiger cccccc  Tortoise,tiger cccccc  Tortoise,tiger cccccc  Tortoise,tiger cccccc  Tortoise,tiger cccccc  Tortoise,tiger cccccc  Tortoise,tiger cccccc  Tortoise,tiger cccccc  Tortoise,growing on ,growing on ,tiger cccccc  Tortoise,tiger cccccc  Tortoise,tiger cccccc  Tortoise,tiger cccccc  Tortoise,tiger cccccc  Tortoise,tiger cccccc  Tortoise,tiger cccccc  Tortoise,tiger cccccc  Tortoise,tiger cccccc  Tortoise,tiger cccccc  Tortoise,tiger cccccc  Tortoise,tiger cccccc  Tortoise,tiger cccccc  Tortoise,tiger cccccc  Tortoise,tiger cccccc  Tortoise,tiger cccccc  Tortoise,tiger cccccc  Tortoise,growing on ,tiger cccccc  Tortoise,tiger cccccc  Tortoise,growing on ,growing on ,growing on ,growing on ,tiger cccccc  Tortoise,growing on ,growing on ,tiger cccccc  Tortoise,growing on ,tiger cccccc  Tortoise,tiger cccccc  Tortoise,tiger cccccc  Tortoise,tiger cccccc  Tortoise,tiger cccccc  Tortoise,growing on ,growing on ,growing on ,growing on ,growing on ,growing on ,tiger cccccc  Tortoise,growing on ,growing on ,growing on ,tiger cccccc  Tortoise,tiger cccccc  Tortoise,tiger cccccc  Tortoise,tiger cccccc  Tortoise,tiger cccccc  Tortoise,tiger cccccc  Tortoise,growing on ,growing on ,tiger cccccc  Tortoise,tiger cccccc  Tortoise,tiger cccccc  Tortoise,tiger cccccc  Tortoise,tiger cccccc  Tortoise,tiger cccccc  Tortoise,tiger cccccc  Tortoise,growing on ,tiger cccccc  Tortoise,tiger cccccc  Tortoise,tiger cccccc  Tortoise,growing on ,tiger cccccc  Tortoise,tiger cccccc  Tortoise,growing on ,tiger cccccc  Tortoise,tiger cccccc  Tortoise,tiger cccccc  Tortoise,tiger cccccc  Tortoise,tiger cccccc  Tortoise,tiger cccccc  Tortoise,growing on ,tiger cccccc  Tortoise,tiger cccccc  Tortoise,tiger cccccc  Tortoise,tiger cccccc  Tortoise,tiger cccccc  Tortoise,tiger cccccc  Tortoise,tiger cccccc  Tortoise,growing on ,tiger cccccc  Tortoise,tiger cccccc  Tortoise,tiger cccccc  Tortoise,tiger cccccc  Tortoise,tiger cccccc  Tortoise,tiger cccccc  Tortoise,tiger cccccc  Tortoise,tiger cccccc  Tortoise,tiger cccccc  Tortoise,tiger cccccc  Tortoise,tiger cccccc  Tortoise,tiger cccccc  Tortoise,tiger cccccc  Tortoise,tiger cccccc  Tortoise,tiger cccccc  Tortoise,tiger cccccc  Tortoise,tiger cccccc  Tortoise,tiger cccccc  Tortoise,tiger cccccc  Tortoise,tiger cccccc  Tortoise,tiger cccccc  Tortoise,tiger cccccc  Tortoise,growing on ,tiger cccccc  Tortoise,growing on ,tiger cccccc  Tortoise,tiger cccccc  Tortoise,tiger cccccc  Tortoise,tiger cccccc  Tortoise,tiger cccccc  Tortoise,tiger cccccc  Tortoise,growing on ,tiger cccccc  Tortoise,tiger cccccc  Tortoise,tiger cccccc  Tortoise,tiger cccccc  Tortoise,growing on ,tiger cccccc  Tortoise,tiger cccccc  Tortoise,tiger cccccc  Tortoise,tiger cccccc  Tortoise,tiger cccccc  Tortoise,growing on ,tiger cccccc  Tortoise,tiger cccccc  Tortoise,tiger cccccc  Tortoise
8,__background__,tiger cccccc  Tortoise,hanging from ,tiger cccccc  Tortoise,tiger cccccc  Tortoise,tiger cccccc  Tortoise,tiger cccccc  Tortoise,hanging from ,hanging from ,tiger cccccc  Tortoise,tiger cccccc  Tortoise,tiger cccccc  Tortoise,hanging from ,hanging from ,tiger cccccc  Tortoise,tiger cccccc  Tortoise,tiger cccccc  Tortoise,hanging from ,hanging from ,hanging from ,hanging from ,hanging from ,hanging from ,tiger cccccc  Tortoise,tiger cccccc  Tortoise,hanging from ,hanging from ,tiger cccccc  Tortoise,hanging from ,hanging from ,hanging from ,hanging from ,hanging from ,tiger cccccc  Tortoise,hanging from ,hanging from ,hanging from ,hanging from ,hanging from ,hanging from ,hanging from ,tiger cccccc  Tortoise,hanging from ,hanging from ,hanging from ,hanging from ,hanging from ,hanging from ,hanging from ,hanging from ,hanging from ,hanging from ,hanging from ,hanging from ,hanging from ,hanging from ,hanging from ,hanging from ,hanging from ,hanging from ,hanging from ,hanging from ,hanging from ,hanging from ,tiger cccccc  Tortoise,hanging from ,hanging from ,hanging from ,hanging from ,hanging from ,hanging from ,hanging from ,tiger cccccc  Tortoise,hanging from ,hanging from ,hanging from ,hanging from ,tiger cccccc  Tortoise,hanging from ,hanging from ,tiger cccccc  Tortoise,tiger cccccc  Tortoise,tiger cccccc  Tortoise,hanging from ,tiger cccccc  Tortoise,tiger cccccc  Tortoise,hanging from ,hanging from ,hanging from ,hanging from ,hanging from ,hanging from ,hanging from ,hanging from ,tiger cccccc  Tortoise,tiger cccccc  Tortoise,hanging from ,tiger cccccc  Tortoise,hanging from ,hanging from ,hanging from ,hanging from ,hanging from ,hanging from ,hanging from ,tiger cccccc  Tortoise,tiger cccccc  Tortoise,hanging from ,hanging from ,tiger cccccc  Tortoise,hanging from ,hanging from ,hanging from ,hanging from ,tiger cccccc  Tortoise,hanging from ,hanging from ,hanging from ,hanging from ,hanging from ,hanging from ,hanging from ,hanging from ,hanging from ,tiger cccccc  Tortoise,hanging from ,hanging from ,hanging from ,hanging from ,tiger cccccc  Tortoise,hanging from ,tiger cccccc  Tortoise,hanging from ,tiger cccccc  Tortoise,tiger cccccc  Tortoise,tiger cccccc  Tortoise,hanging from ,tiger cccccc  Tortoise,hanging from ,hanging from ,hanging from ,hanging from ,hanging from ,hanging from ,hanging from ,tiger cccccc  Tortoise,tiger cccccc  Tortoise,hanging from ,hanging from ,hanging from ,tiger cccccc  Tortoise
9,__background__,tiger cccccc  Tortoise,holding ,holding ,holding ,holding ,holding ,tiger cccccc  Tortoise,holding ,tiger cccccc  Tortoise,holding ,holding ,holding ,holding ,tiger cccccc  Tortoise,tiger cccccc  Tortoise,tiger cccccc  Tortoise,holding ,holding ,holding ,holding ,holding ,holding ,holding ,holding ,holding ,holding ,tiger cccccc  Tortoise,holding ,holding ,tiger cccccc  Tortoise,holding ,holding ,tiger cccccc  Tortoise,holding ,holding ,holding ,holding ,holding ,holding ,holding ,holding ,holding ,holding ,holding ,holding ,holding ,tiger cccccc  Tortoise,tiger cccccc  Tortoise,holding ,holding ,tiger cccccc  Tortoise,tiger cccccc  Tortoise,holding ,holding ,holding ,holding ,tiger cccccc  Tortoise,holding ,holding ,holding ,holding ,holding ,holding ,holding ,holding ,holding ,holding ,holding ,holding ,holding ,holding ,tiger cccccc  Tortoise,tiger cccccc  Tortoise,holding ,tiger cccccc  Tortoise,tiger cccccc  Tortoise,tiger cccccc  Tortoise,holding ,holding ,tiger cccccc  Tortoise,tiger cccccc  Tortoise,holding ,holding ,tiger cccccc  Tortoise,tiger cccccc  Tortoise,tiger cccccc  Tortoise,holding ,holding ,holding ,holding ,holding ,holding ,holding ,tiger cccccc  Tortoise,holding ,tiger cccccc  Tortoise,holding ,holding ,holding ,holding ,holding ,holding ,holding ,holding ,tiger cccccc  Tortoise,holding ,tiger cccccc  Tortoise,holding ,tiger cccccc  Tortoise,holding ,tiger cccccc  Tortoise,tiger cccccc  Tortoise,tiger cccccc  Tortoise,tiger cccccc  Tortoise,tiger cccccc  Tortoise,tiger cccccc  Tortoise,holding ,holding ,holding ,holding ,tiger cccccc  Tortoise,tiger cccccc  Tortoise,holding ,tiger cccccc  Tortoise,holding ,holding ,tiger cccccc  Tortoise,holding ,tiger cccccc  Tortoise,holding ,tiger cccccc  Tortoise,holding ,holding ,holding ,holding ,tiger cccccc  Tortoise,holding ,holding ,tiger cccccc  Tortoise,holding ,tiger cccccc  Tortoise,holding ,tiger cccccc  Tortoise,holding ,tiger cccccc  Tortoise,tiger cccccc  Tortoise,holding ,holding ,holding ,tiger cccccc  Tortoise
10,__background__,tiger cccccc  Tortoise,tiger cccccc  Tortoise,laying on ,laying on ,tiger cccccc  Tortoise,laying on ,tiger cccccc  Tortoise,tiger cccccc  Tortoise,tiger cccccc  Tortoise,tiger cccccc  Tortoise,tiger cccccc  Tortoise,tiger cccccc  Tortoise,laying on ,tiger cccccc  Tortoise,laying on ,laying on ,laying on ,laying on ,laying on ,laying on ,tiger cccccc  Tortoise,laying on ,tiger cccccc  Tortoise,tiger cccccc  Tortoise,laying on ,laying on ,tiger cccccc  Tortoise,laying on ,laying on ,tiger cccccc  Tortoise,laying on ,laying on ,laying on ,laying on ,laying on ,laying on ,laying on ,laying on ,laying on ,laying on ,laying on ,laying on ,laying on ,laying on ,laying on ,laying on ,laying on ,laying on ,laying on ,laying on ,laying on ,laying on ,laying on ,laying on ,laying on ,laying on ,laying on ,laying on ,laying on ,laying on ,laying on ,laying on ,tiger cccccc  Tortoise,laying on ,laying on ,laying on ,laying on ,laying on ,tiger cccccc  Tortoise,laying on ,laying on ,tiger cccccc  Tortoise,laying on ,laying on ,laying on ,tiger cccccc  Tortoise,laying on ,laying on ,laying on ,laying on ,tiger cccccc  Tortoise,laying on ,laying on ,laying on ,tiger cccccc  Tortoise,laying on ,laying on ,laying on ,laying on ,laying on ,laying on ,laying on ,laying on ,laying on ,laying on ,laying on ,laying on ,laying on ,laying on ,laying on ,laying on ,laying on ,laying on ,laying on ,laying on ,tiger cccccc  Tortoise,laying on ,laying on ,laying on ,laying on ,laying on ,laying on ,laying on ,laying on ,laying on ,laying on ,laying on ,laying on ,laying on ,laying on ,laying on ,laying on ,laying on ,tiger cccccc  Tortoise,laying on ,laying on ,laying on ,laying on ,laying on ,laying on ,laying on ,laying on ,tiger cccccc  Tortoise,laying on ,laying on ,laying on ,tiger cccccc  Tortoise,laying on ,laying on ,laying on ,laying on ,laying on ,tiger cccccc  Tortoise,laying on ,laying on ,laying on ,laying on ,laying on ,laying on ,laying on 
11,__background__,tiger cccccc  Tortoise,tiger cccccc  Tortoise,tiger cccccc  Tortoise,looking at ,looking at ,tiger cccccc  Tortoise,tiger cccccc  Tortoise,looking at ,tiger cccccc  Tortoise,tiger cccccc  Tortoise,tiger cccccc  Tortoise,looking at ,looking at ,looking at ,looking at ,looking at ,tiger cccccc  Tortoise,looking at ,looking at ,looking at ,tiger cccccc  Tortoise,looking at ,looking at ,tiger cccccc  Tortoise,looking at ,looking at ,looking at ,looking at ,looking at ,tiger cccccc  Tortoise,looking at ,looking at ,looking at ,looking at ,looking at ,looking at ,looking at ,looking at ,looking at ,looking at ,looking at ,looking at ,looking at ,looking at ,looking at ,looking at ,looking at ,looking at ,tiger cccccc  Tortoise,tiger cccccc  Tortoise,tiger cccccc  Tortoise,looking at ,looking at ,tiger cccccc  Tortoise,tiger cccccc  Tortoise,looking at ,tiger cccccc  Tortoise,looking at ,tiger cccccc  Tortoise,tiger cccccc  Tortoise,looking at ,tiger cccccc  Tortoise,tiger cccccc  Tortoise,looking at ,looking at ,tiger cccccc  Tortoise,tiger cccccc  Tortoise,looking at ,tiger cccccc  Tortoise,looking at ,tiger cccccc  Tortoise,tiger cccccc  Tortoise,tiger cccccc  Tortoise,tiger cccccc  Tortoise,tiger cccccc  Tortoise,tiger cccccc  Tortoise,tiger cccccc  Tortoise,looking at ,looking at ,tiger cccccc  Tortoise,tiger cccccc  Tortoise,tiger cccccc  Tortoise,tiger cccccc  Tortoise,tiger cccccc  Tortoise,tiger cccccc  Tortoise,tiger cccccc  Tortoise,tiger cccccc  Tortoise,tiger cccccc  Tortoise,tiger cccccc  Tortoise,looking at ,looking at ,tiger cccccc  Tortoise,tiger cccccc  Tortoise,tiger cccccc  Tortoise,tiger cccccc  Tortoise,tiger cccccc  Tortoise,tiger cccccc  Tortoise,looking at ,tiger cccccc  Tortoise,tiger cccccc  Tortoise,tiger cccccc  Tortoise,tiger cccccc  Tortoise,tiger cccccc  Tortoise,tiger cccccc  Tortoise,tiger cccccc  Tortoise,tiger cccccc  Tortoise,looking at ,tiger cccccc  Tortoise,looking at ,tiger cccccc  Tortoise,tiger cccccc  Tortoise,tiger cccccc  Tortoise,tiger cccccc  Tortoise,tiger cccccc  Tortoise,tiger cccccc  Tortoise,tiger cccccc  Tortoise,tiger cccccc  Tortoise,tiger cccccc  Tortoise,looking at ,tiger cccccc  Tortoise,tiger cccccc  Tortoise,tiger cccccc  Tortoise,tiger cccccc  Tortoise,tiger cccccc  Tortoise,tiger cccccc  Tortoise,tiger cccccc  Tortoise,tiger cccccc  Tortoise,tiger cccccc  Tortoise,tiger cccccc  Tortoise,tiger cccccc  Tortoise,tiger cccccc  Tortoise,tiger cccccc  Tortoise,tiger cccccc  Tortoise,tiger cccccc  Tortoise,tiger cccccc  Tortoise,tiger cccccc  Tortoise,tiger cccccc  Tortoise,tiger cccccc  Tortoise,tiger cccccc  Tortoise,tiger cccccc  Tortoise,tiger cccccc  Tortoise,tiger cccccc  Tortoise,tiger cccccc  Tortoise,tiger cccccc  Tortoise,tiger cccccc  Tortoise,tiger cccccc  Tortoise,tiger cccccc  Tortoise,tiger cccccc  Tortoise,looking at ,looking at 
12,__background__,tiger cccccc  Tortoise,lying on ,tiger cccccc  Tortoise,tiger cccccc  Tortoise,tiger cccccc  Tortoise,tiger cccccc  Tortoise,tiger cccccc  Tortoise,lying on ,lying on ,lying on ,lying on ,lying on ,lying on ,tiger cccccc  Tortoise,lying on ,lying on ,lying on ,lying on ,lying on ,lying on ,lying on ,lying on ,tiger cccccc  Tortoise,tiger cccccc  Tortoise,lying on ,lying on ,lying on ,lying on ,lying on ,tiger cccccc  Tortoise,lying on ,lying on ,lying on ,lying on ,lying on ,lying on ,lying on ,lying on ,lying on ,lying on ,lying on ,lying on ,lying on ,lying on ,lying on ,lying on ,lying on ,lying on ,lying on ,lying on ,lying on ,lying on ,lying on ,lying on ,lying on ,lying on ,lying on ,lying on ,lying on ,lying on ,lying on ,lying on ,lying on ,lying on ,lying on ,lying on ,lying on ,lying on ,lying on ,lying on ,lying on ,tiger cccccc  Tortoise,lying on ,lying on ,lying on ,tiger cccccc  Tortoise,lying on ,lying on ,lying on ,lying on ,tiger cccccc  Tortoise,lying on ,lying on ,lying on ,tiger cccccc  Tortoise,lying on ,lying on ,lying on ,lying on ,lying on ,lying on ,lying on ,lying on ,lying on ,lying on ,lying on ,lying on ,lying on ,lying on ,lying on ,lying on ,lying on ,lying on ,lying on ,lying on ,tiger cccccc  Tortoise,lying on ,lying on ,lying on ,lying on ,lying on ,lying on ,lying on ,lying on ,lying on ,lying on ,lying on ,lying on ,lying on ,lying on ,lying on ,lying on ,lying on ,tiger cccccc  Tortoise,lying on ,lying on ,lying on ,lying on ,lying on ,lying on ,tiger cccccc  Tortoise,lying on ,tiger cccccc  Tortoise,lying on ,lying on ,lying on ,tiger cccccc  Tortoise,lying on ,lying on ,lying on ,lying on ,lying on ,tiger cccccc  Tortoise,lying on ,lying on ,lying on ,lying on ,lying on ,lying on ,lying on 
13,__background__,mounted on ,mounted on ,mounted on ,mounted on ,mounted on ,mounted on ,mounted on ,tiger cccccc  Tortoise,mounted on ,mounted on ,mounted on ,mounted on ,mounted on ,mounted on ,tiger cccccc  Tortoise,tiger cccccc  Tortoise,tiger cccccc  Tortoise,tiger cccccc  Tortoise,tiger cccccc  Tortoise,mounted on ,mounted on ,mounted on ,mounted on ,mounted on ,mounted on ,mounted on ,mounted on ,mounted on ,mounted on ,mounted on ,mounted on ,mounted on ,tiger cccccc  Tortoise,mounted on ,mounted on ,mounted on ,tiger cccccc  Tortoise,mounted on ,mounted on ,mounted on ,tiger cccccc  Tortoise,mounted on ,mounted on ,mounted on ,mounted on ,mounted on ,mounted on ,mounted on ,mounted on ,mounted on ,tiger cccccc  Tortoise,mounted on ,mounted on ,mounted on ,mounted on ,mounted on ,mounted on ,mounted on ,mounted on ,mounted on ,mounted on ,mounted on ,tiger cccccc  Tortoise,mounted on ,mounted on ,mounted on ,mounted on ,mounted on ,mounted on ,mounted on ,mounted on ,mounted on ,tiger cccccc  Tortoise,mounted on ,mounted on ,mounted on ,mounted on ,tiger cccccc  Tortoise,tiger cccccc  Tortoise,mounted on ,tiger cccccc  Tortoise,mounted on ,tiger cccccc  Tortoise,tiger cccccc  Tortoise,tiger cccccc  Tortoise,mounted on ,mounted on ,mounted on ,mounted on ,tiger cccccc  Tortoise,tiger cccccc  Tortoise,mounted on ,mounted on ,mounted on ,mounted on ,mounted on ,mounted on ,tiger cccccc  Tortoise,mounted on ,mounted on ,mounted on ,mounted on ,mounted on ,mounted on ,mounted on ,mounted on ,mounted on ,mounted on ,tiger cccccc  Tortoise,mounted on ,tiger cccccc  Tortoise,tiger cccccc  Tortoise,tiger cccccc  Tortoise,tiger cccccc  Tortoise,mounted on ,mounted on ,mounted on ,mounted on ,mounted on ,mounted on ,mounted on ,mounted on ,mounted on ,tiger cccccc  Tortoise,mounted on ,mounted on ,mounted on ,mounted on ,mounted on ,mounted on ,mounted on ,mounted on ,mounted on ,mounted on ,tiger cccccc  Tortoise,tiger cccccc  Tortoise,mounted on ,mounted on ,mounted on ,mounted on ,mounted on ,mounted on ,mounted on ,mounted on ,mounted on ,mounted on ,mounted on ,mounted on ,tiger cccccc  Tortoise,tiger cccccc  Tortoise
14,__background__,painted on ,painted on ,painted on ,painted on ,painted on ,painted on ,painted on ,tiger cccccc  Tortoise,painted on ,painted on ,painted on ,painted on ,painted on ,painted on ,painted on ,painted on ,painted on ,painted on ,painted on ,painted on ,painted on ,painted on ,painted on ,painted on ,painted on ,painted on ,painted on ,painted on ,painted on ,painted on ,painted on ,painted on ,painted on ,painted on ,painted on ,painted on ,painted on ,painted on ,painted on ,painted on ,painted on ,painted on ,painted on ,painted on ,painted on ,painted on ,painted on ,painted on ,painted on ,painted on ,painted on ,painted on ,painted on ,painted on ,painted on ,painted on ,painted on ,painted on ,painted on ,painted on ,painted on ,painted on ,painted on ,painted on ,painted on ,painted on ,painted on ,painted on ,tiger cccccc  Tortoise,painted on ,painted on ,tiger cccccc  Tortoise,painted on ,painted on ,painted on ,painted on ,painted on ,painted on ,painted on ,painted on ,painted on ,painted on ,painted on ,painted on ,painted on ,painted on ,painted on ,painted on ,painted on ,painted on ,painted on ,painted on ,painted on ,painted on ,painted on ,painted on ,painted on ,painted on ,painted on ,painted on ,painted on ,painted on ,painted on ,painted on ,painted on ,painted on ,painted on ,painted on ,painted on ,painted on ,painted on ,painted on ,painted on ,painted on ,painted on ,painted on ,painted on ,painted on ,painted on ,painted on ,painted on ,painted on ,painted on ,painted on ,painted on ,painted on ,painted on ,painted on ,painted on ,painted on ,painted on ,painted on ,painted on ,painted on ,painted on ,painted on ,painted on ,painted on ,painted on ,painted on ,painted on ,painted on ,painted on ,painted on ,painted on ,painted on ,painted on ,painted on ,painted on ,painted on 
15,__background__,parked on ,tiger cccccc  Tortoise,tiger cccccc  Tortoise,parked on ,parked on ,parked on ,tiger cccccc  Tortoise,parked on ,parked on ,parked on ,parked on ,parked on ,parked on ,parked on ,parked on ,parked on ,parked on ,parked on ,parked on ,parked on ,parked on ,tiger cccccc  Tortoise,parked on ,parked on ,parked on ,parked on ,parked on ,tiger cccccc  Tortoise,parked on ,tiger cccccc  Tortoise,tiger cccccc  Tortoise,tiger cccccc  Tortoise,tiger cccccc  Tortoise,parked on ,tiger cccccc  Tortoise,parked on ,parked on ,tiger cccccc  Tortoise,parked on ,tiger cccccc  Tortoise,tiger cccccc  Tortoise,parked on ,tiger cccccc  Tortoise,tiger cccccc  Tortoise,tiger cccccc  Tortoise,tiger cccccc  Tortoise,tiger cccccc  Tortoise,tiger cccccc  Tortoise,tiger cccccc  Tortoise,tiger cccccc  Tortoise,tiger cccccc  Tortoise,tiger cccccc  Tortoise,parked on ,tiger cccccc  Tortoise,tiger cccccc  Tortoise,parked on ,tiger cccccc  Tortoise,tiger cccccc  Tortoise,tiger cccccc  Tortoise,tiger cccccc  Tortoise,tiger cccccc  Tortoise,parked on ,tiger cccccc  Tortoise,parked on ,tiger cccccc  Tortoise,tiger cccccc  Tortoise,tiger cccccc  Tortoise,tiger cccccc  Tortoise,tiger cccccc  Tortoise,parked on ,tiger cccccc  Tortoise,parked on ,tiger cccccc  Tortoise,tiger cccccc  Tortoise,tiger cccccc  Tortoise,tiger cccccc  Tortoise,tiger cccccc  Tortoise,parked on ,parked on ,parked on ,tiger cccccc  Tortoise,tiger cccccc  Tortoise,tiger cccccc  Tortoise,tiger cccccc  Tortoise,tiger cccccc  Tortoise,parked on ,parked on ,tiger cccccc  Tortoise,tiger cccccc  Tortoise,tiger cccccc  Tortoise,tiger cccccc  Tortoise,tiger cccccc  Tortoise,tiger cccccc  Tortoise,parked on ,parked on ,parked on ,tiger cccccc  Tortoise,parked on ,parked on ,parked on ,parked on ,parked on ,parked on ,parked on ,tiger cccccc  Tortoise,tiger cccccc  Tortoise,tiger cccccc  Tortoise,parked on ,tiger cccccc  Tortoise,tiger cccccc  Tortoise,tiger cccccc  Tortoise,tiger cccccc  Tortoise,tiger cccccc  Tortoise,tiger cccccc  Tortoise,tiger cccccc  Tortoise,tiger cccccc  Tortoise,parked on ,parked on ,parked on ,parked on ,tiger cccccc  Tortoise,tiger cccccc  Tortoise,parked on ,tiger cccccc  Tortoise,parked on ,tiger cccccc  Tortoise,tiger cccccc  Tortoise,tiger cccccc  Tortoise,tiger cccccc  Tortoise,tiger cccccc  Tortoise,tiger cccccc  Tortoise,tiger cccccc  Tortoise,tiger cccccc  Tortoise,tiger cccccc  Tortoise,parked on ,tiger cccccc  Tortoise,parked on ,parked on ,tiger cccccc  Tortoise,tiger cccccc  Tortoise,tiger cccccc  Tortoise,parked on ,tiger cccccc  Tortoise,parked on ,tiger cccccc  Tortoise,tiger cccccc  Tortoise,parked on ,parked on ,parked on ,tiger cccccc  Tortoise
16,__background__,tiger cccccc  Tortoise,tiger cccccc  Tortoise,tiger cccccc  Tortoise,tiger cccccc  Tortoise,tiger cccccc  Tortoise,tiger cccccc  Tortoise,tiger cccccc  Tortoise,tiger cccccc  Tortoise,tiger cccccc  Tortoise,tiger cccccc  Tortoise,tiger cccccc  Tortoise,tiger cccccc  Tortoise,tiger cccccc  Tortoise,tiger cccccc  Tortoise,playing ,playing ,playing ,playing ,tiger cccccc  Tortoise,playing ,playing ,tiger cccccc  Tortoise,tiger cccccc  Tortoise,tiger cccccc  Tortoise,tiger cccccc  Tortoise,tiger cccccc  Tortoise,playing ,tiger cccccc  Tortoise,playing ,tiger cccccc  Tortoise,tiger cccccc  Tortoise,tiger cccccc  Tortoise,playing ,tiger cccccc  Tortoise,tiger cccccc  Tortoise,tiger cccccc  Tortoise,playing ,tiger cccccc  Tortoise,tiger cccccc  Tortoise,tiger cccccc  Tortoise,playing ,tiger cccccc  Tortoise,tiger cccccc  Tortoise,tiger cccccc  Tortoise,tiger cccccc  Tortoise,playing ,tiger cccccc  Tortoise,tiger cccccc  Tortoise,tiger cccccc  Tortoise,tiger cccccc  Tortoise,tiger cccccc  Tortoise,tiger cccccc  Tortoise,playing ,tiger cccccc  Tortoise,tiger cccccc  Tortoise,playing ,tiger cccccc  Tortoise,playing ,tiger cccccc  Tortoise,tiger cccccc  Tortoise,playing ,tiger cccccc  Tortoise,tiger cccccc  Tortoise,playing ,tiger cccccc  Tortoise,tiger cccccc  Tortoise,tiger cccccc  Tortoise,playing ,playing ,playing ,tiger cccccc  Tortoise,playing ,tiger cccccc  Tortoise,playing ,tiger cccccc  Tortoise,tiger cccccc  Tortoise,tiger cccccc  Tortoise,playing ,playing ,tiger cccccc  Tortoise,tiger cccccc  Tortoise,playing ,tiger cccccc  Tortoise,tiger cccccc  Tortoise,tiger cccccc  Tortoise,tiger cccccc  Tortoise,tiger cccccc  Tortoise,tiger cccccc  Tortoise,playing ,playing ,playing ,playing ,tiger cccccc  Tortoise,tiger cccccc  Tortoise,tiger cccccc  Tortoise,tiger cccccc  Tortoise,tiger cccccc  Tortoise,playing ,tiger cccccc  Tortoise,tiger cccccc  Tortoise,tiger cccccc  Tortoise,tiger cccccc  Tortoise,tiger cccccc  Tortoise,tiger cccccc  Tortoise,tiger cccccc  Tortoise,tiger cccccc  Tortoise,playing ,tiger cccccc  Tortoise,tiger cccccc  Tortoise,tiger cccccc  Tortoise,tiger cccccc  Tortoise,tiger cccccc  Tortoise,tiger cccccc  Tortoise,tiger cccccc  Tortoise,tiger cccccc  Tortoise,tiger cccccc  Tortoise,tiger cccccc  Tortoise,tiger cccccc  Tortoise,playing ,tiger cccccc  Tortoise,tiger cccccc  Tortoise,tiger cccccc  Tortoise,tiger cccccc  Tortoise,tiger cccccc  Tortoise,tiger cccccc  Tortoise,tiger cccccc  Tortoise,tiger cccccc  Tortoise,tiger cccccc  Tortoise,tiger cccccc  Tortoise,tiger cccccc  Tortoise,tiger cccccc  Tortoise,tiger cccccc  Tortoise,tiger cccccc  Tortoise,tiger cccccc  Tortoise,tiger cccccc  Tortoise,tiger cccccc  Tortoise,tiger cccccc  Tortoise,tiger cccccc  Tortoise,tiger cccccc  Tortoise,tiger cccccc  Tortoise,tiger cccccc  Tortoise,tiger cccccc  Tortoise,tiger cccccc  Tortoise,tiger cccccc  Tortoise,tiger cccccc  Tortoise,tiger cccccc  Tortoise,tiger cccccc  Tortoise,tiger cccccc  Tortoise,playing ,tiger cccccc  Tortoise
17,__background__,tiger cccccc  Tortoise,tiger cccccc  Tortoise,tiger cccccc  Tortoise,tiger cccccc  Tortoise,tiger cccccc  Tortoise,tiger cccccc  Tortoise,tiger cccccc  Tortoise,tiger cccccc  Tortoise,tiger cccccc  Tortoise,tiger cccccc  Tortoise,tiger cccccc  Tortoise,tiger cccccc  Tortoise,tiger cccccc  Tortoise,riding ,riding ,riding ,riding ,tiger cccccc  Tortoise,tiger cccccc  Tortoise,riding ,tiger cccccc  Tortoise,tiger cccccc  Tortoise,tiger cccccc  Tortoise,tiger cccccc  Tortoise,tiger cccccc  Tortoise,riding ,tiger cccccc  Tortoise,tiger cccccc  Tortoise,riding ,tiger cccccc  Tortoise,tiger cccccc  Tortoise,tiger cccccc  Tortoise,tiger cccccc  Tortoise,tiger cccccc  Tortoise,tiger cccccc  Tortoise,tiger cccccc  Tortoise,tiger cccccc  Tortoise,tiger cccccc  Tortoise,tiger cccccc  Tortoise,tiger cccccc  Tortoise,riding ,tiger cccccc  Tortoise,tiger cccccc  Tortoise,tiger cccccc  Tortoise,tiger cccccc  Tortoise,tiger cccccc  Tortoise,tiger cccccc  Tortoise,tiger cccccc  Tortoise,tiger cccccc  Tortoise,tiger cccccc  Tortoise,tiger cccccc  Tortoise,tiger cccccc  Tortoise,riding ,tiger cccccc  Tortoise,tiger cccccc  Tortoise,riding ,tiger cccccc  Tortoise,riding ,riding ,tiger cccccc  Tortoise,riding ,riding ,tiger cccccc  Tortoise,riding ,tiger cccccc  Tortoise,tiger cccccc  Tortoise,tiger cccccc  Tortoise,riding ,tiger cccccc  Tortoise,riding ,tiger cccccc  Tortoise,tiger cccccc  Tortoise,tiger cccccc  Tortoise,riding ,tiger cccccc  Tortoise,tiger cccccc  Tortoise,tiger cccccc  Tortoise,riding ,riding ,riding ,tiger cccccc  Tortoise,tiger cccccc  Tortoise,tiger cccccc  Tortoise,tiger cccccc  Tortoise,tiger cccccc  Tortoise,tiger cccccc  Tortoise,tiger cccccc  Tortoise,tiger cccccc  Tortoise,tiger cccccc  Tortoise,riding ,riding ,tiger cccccc  Tortoise,tiger cccccc  Tortoise,tiger cccccc  Tortoise,tiger cccccc  Tortoise,tiger cccccc  Tortoise,tiger cccccc  Tortoise,riding ,tiger cccccc  Tortoise,tiger cccccc  Tortoise,tiger cccccc  Tortoise,tiger cccccc  Tortoise,tiger cccccc  Tortoise,tiger cccccc  Tortoise,tiger cccccc  Tortoise,tiger cccccc  Tortoise,tiger cccccc  Tortoise,riding ,tiger cccccc  Tortoise,tiger cccccc  Tortoise,tiger cccccc  Tortoise,tiger cccccc  Tortoise,tiger cccccc  Tortoise,tiger cccccc  Tortoise,tiger cccccc  Tortoise,tiger cccccc  Tortoise,tiger cccccc  Tortoise,riding ,riding ,tiger cccccc  Tortoise,tiger cccccc  Tortoise,tiger cccccc  Tortoise,tiger cccccc  Tortoise,tiger cccccc  Tortoise,riding ,tiger cccccc  Tortoise,tiger cccccc  Tortoise,tiger cccccc  Tortoise,tiger cccccc  Tortoise,riding ,tiger cccccc  Tortoise,tiger cccccc  Tortoise,tiger cccccc  Tortoise,tiger cccccc  Tortoise,riding ,tiger cccccc  Tortoise,riding ,riding ,tiger cccccc  Tortoise,tiger cccccc  Tortoise,tiger cccccc  Tortoise,tiger cccccc  Tortoise,tiger cccccc  Tortoise,tiger cccccc  Tortoise,tiger cccccc  Tortoise,tiger cccccc  Tortoise,tiger cccccc  Tortoise,tiger cccccc  Tortoise,riding ,tiger cccccc  Tortoise
18,__background__,tiger cccccc  Tortoise,tiger cccccc  Tortoise,tiger cccccc  Tortoise,tiger cccccc  Tortoise,tiger cccccc  Tortoise,tiger cccccc  Tortoise,tiger cccccc  Tortoise,tiger cccccc  Tortoise,tiger cccccc  Tortoise,tiger cccccc  Tortoise,tiger cccccc  Tortoise,tiger cccccc  Tortoise,tiger cccccc  Tortoise,says ,says ,says ,says ,says ,says ,says ,tiger cccccc  Tortoise,tiger cccccc  Tortoise,tiger cccccc  Tortoise,tiger cccccc  Tortoise,tiger cccccc  Tortoise,tiger cccccc  Tortoise,says ,tiger cccccc  Tortoise,says ,tiger cccccc  Tortoise,tiger cccccc  Tortoise,tiger cccccc  Tortoise,says ,tiger cccccc  Tortoise,tiger cccccc  Tortoise,tiger cccccc  Tortoise,says ,tiger cccccc  Tortoise,tiger cccccc  Tortoise,tiger cccccc  Tortoise,tiger cccccc  Tortoise,tiger cccccc  Tortoise,tiger cccccc  Tortoise,says ,tiger cccccc  Tortoise,tiger cccccc  Tortoise,tiger cccccc  Tortoise,tiger cccccc  Tortoise,tiger cccccc  Tortoise,tiger cccccc  Tortoise,tiger cccccc  Tortoise,tiger cccccc  Tortoise,says ,tiger cccccc  Tortoise,tiger cccccc  Tortoise,says ,tiger cccccc  Tortoise,says ,tiger cccccc  Tortoise,tiger cccccc  Tortoise,says ,tiger cccccc  Tortoise,tiger cccccc  Tortoise,tiger cccccc  Tortoise,tiger cccccc  Tortoise,tiger cccccc  Tortoise,tiger cccccc  Tortoise,says ,tiger cccccc  Tortoise,says ,tiger cccccc  Tortoise,tiger cccccc  Tortoise,tiger cccccc  Tortoise,tiger cccccc  Tortoise,tiger cccccc  Tortoise,tiger cccccc  Tortoise,says ,says ,says ,tiger cccccc  Tortoise,tiger cccccc  Tortoise,says ,tiger cccccc  Tortoise,tiger cccccc  Tortoise,tiger cccccc  Tortoise,tiger cccccc  Tortoise,tiger cccccc  Tortoise,says ,tiger cccccc  Tortoise,says ,says ,tiger cccccc  Tortoise,tiger cccccc  Tortoise,tiger cccccc  Tortoise,tiger cccccc  Tortoise,tiger cccccc  Tortoise,tiger cccccc  Tortoise,says ,tiger cccccc  Tortoise,tiger cccccc  Tortoise,tiger cccccc  Tortoise,tiger cccccc  Tortoise,tiger cccccc  Tortoise,tiger cccccc  Tortoise,tiger cccccc  Tortoise,tiger cccccc  Tortoise,says ,tiger cccccc  Tortoise,tiger cccccc  Tortoise,tiger cccccc  Tortoise,tiger cccccc  Tortoise,tiger cccccc  Tortoise,tiger cccccc  Tortoise,tiger cccccc  Tortoise,says ,tiger cccccc  Tortoise,tiger cccccc  Tortoise,tiger cccccc  Tortoise,says ,tiger cccccc  Tortoise,tiger cccccc  Tortoise,tiger cccccc  Tortoise,tiger cccccc  Tortoise,tiger cccccc  Tortoise,tiger cccccc  Tortoise,tiger cccccc  Tortoise,tiger cccccc  Tortoise,tiger cccccc  Tortoise,tiger cccccc  Tortoise,tiger cccccc  Tortoise,tiger cccccc  Tortoise,tiger cccccc  Tortoise,tiger cccccc  Tortoise,tiger cccccc  Tortoise,tiger cccccc  Tortoise,tiger cccccc  Tortoise,tiger cccccc  Tortoise,tiger cccccc  Tortoise,tiger cccccc  Tortoise,tiger cccccc  Tortoise,tiger cccccc  Tortoise,tiger cccccc  Tortoise,tiger cccccc  Tortoise,tiger cccccc  Tortoise,tiger cccccc  Tortoise,tiger cccccc  Tortoise,tiger cccccc  Tortoise,tiger cccccc  Tortoise,says ,tiger cccccc  Tortoise
19,__background__,sitting on ,sitting on ,tiger cccccc  Tortoise,sitting on ,sitting on ,sitting on ,tiger cccccc  Tortoise,sitting on ,sitting on ,sitting on ,sitting on ,sitting on ,sitting on ,tiger cccccc  Tortoise,sitting on ,sitting on ,sitting on ,sitting on ,sitting on ,sitting on ,sitting on ,sitting on ,sitting on ,sitting on ,sitting on ,sitting on ,sitting on ,sitting on ,sitting on ,tiger cccccc  Tortoise,sitting on ,sitting on ,tiger cccccc  Tortoise,sitting on ,sitting on ,sitting on ,sitting on ,tiger cccccc  Tortoise,sitting on ,tiger cccccc  Tortoise,sitting on ,sitting on ,tiger cccccc  Tortoise,sitting on ,tiger cccccc  Tortoise,tiger cccccc  Tortoise,tiger cccccc  Tortoise,tiger cccccc  Tortoise,sitting on ,sitting on ,tiger cccccc  Tortoise,sitting on ,sitting on ,sitting on ,sitting on ,sitting on ,tiger cccccc  Tortoise,sitting on ,tiger cccccc  Tortoise,sitting on ,sitting on ,sitting on ,tiger cccccc  Tortoise,tiger cccccc  Tortoise,sitting on ,sitting on ,sitting on ,sitting on ,tiger cccccc  Tortoise,sitting on ,sitting on ,sitting on ,tiger cccccc  Tortoise,sitting on ,tiger cccccc  Tortoise,tiger cccccc  Tortoise,sitting on ,sitting on ,sitting on ,sitting on ,tiger cccccc  Tortoise,tiger cccccc  Tortoise,sitting on ,sitting on ,tiger cccccc  Tortoise,sitting on ,sitting on ,sitting on ,sitting on ,sitting on ,sitting on ,tiger cccccc  Tortoise,tiger cccccc  Tortoise,sitting on ,sitting on ,sitting on ,sitting on ,sitting on ,sitting on ,sitting on ,sitting on ,sitting on ,sitting on ,sitting on ,sitting on ,tiger cccccc  Tortoise,sitting on ,sitting on ,sitting on ,sitting on ,sitting on ,sitting on ,sitting on ,tiger cccccc  Tortoise,tiger cccccc  Tortoise,sitting on ,sitting on ,sitting on ,sitting on ,sitting on ,tiger cccccc  Tortoise,sitting on ,sitting on ,tiger cccccc  Tortoise,sitting on ,sitting on ,sitting on ,sitting on ,sitting on ,tiger cccccc  Tortoise,sitting on ,sitting on ,tiger cccccc  Tortoise,sitting on ,sitting on ,tiger cccccc  Tortoise,tiger cccccc  Tortoise,sitting on ,tiger cccccc  Tortoise,tiger cccccc  Tortoise,tiger cccccc  Tortoise,tiger cccccc  Tortoise,tiger cccccc  Tortoise,sitting on ,tiger cccccc  Tortoise,tiger cccccc  Tortoise,tiger cccccc  Tortoise,tiger cccccc  Tortoise,sitting on ,tiger cccccc  Tortoise
20,__background__,standing on ,standing on ,tiger cccccc  Tortoise,standing on ,standing on ,standing on ,tiger cccccc  Tortoise,standing on ,standing on ,standing on ,standing on ,standing on ,standing on ,tiger cccccc  Tortoise,standing on ,standing on ,standing on ,standing on ,standing on ,standing on ,standing on ,standing on ,standing on ,standing on ,standing on ,standing on ,standing on ,standing on ,standing on ,tiger cccccc  Tortoise,standing on ,standing on ,standing on ,standing on ,standing on ,standing on ,standing on ,standing on ,standing on ,tiger cccccc  Tortoise,standing on ,standing on ,tiger cccccc  Tortoise,standing on ,standing on ,tiger cccccc  Tortoise,standing on ,tiger cccccc  Tortoise,tiger cccccc  Tortoise,tiger cccccc  Tortoise,tiger cccccc  Tortoise,standing on ,standing on ,tiger cccccc  Tortoise,standing on ,standing on ,tiger cccccc  Tortoise,standing on ,tiger cccccc  Tortoise,standing on ,standing on ,standing on ,standing on ,standing on ,standing on ,standing on ,standing on ,standing on ,tiger cccccc  Tortoise,standing on ,standing on ,standing on ,standing on ,standing on ,standing on ,tiger cccccc  Tortoise,standing on ,standing on ,standing on ,standing on ,tiger cccccc  Tortoise,tiger cccccc  Tortoise,tiger cccccc  Tortoise,tiger cccccc  Tortoise,tiger cccccc  Tortoise,tiger cccccc  Tortoise,standing on ,standing on ,standing on ,standing on ,standing on ,standing on ,standing on ,standing on ,standing on ,standing on ,standing on ,standing on ,standing on ,standing on ,standing on ,standing on ,standing on ,standing on ,standing on ,tiger cccccc  Tortoise,standing on ,standing on ,standing on ,standing on ,standing on ,standing on ,standing on ,tiger cccccc  Tortoise,tiger cccccc  Tortoise,standing on ,standing on ,standing on ,standing on ,standing on ,tiger cccccc  Tortoise,standing on ,standing on ,tiger cccccc  Tortoise,standing on ,standing on ,tiger cccccc  Tortoise,tiger cccccc  Tortoise,standing on ,standing on ,standing on ,standing on ,standing on ,standing on ,standing on ,standing on ,standing on ,standing on ,standing on ,standing on ,standing on ,standing on ,tiger cccccc  Tortoise,standing on ,standing on ,standing on ,tiger cccccc  Tortoise,standing on ,standing on ,standing on 
21,__background__,using ,using ,using ,using ,using ,using ,tiger cccccc  Tortoise,using ,using ,using ,using ,using ,tiger cccccc  Tortoise,using ,using ,using ,using ,using ,using ,using ,using ,using ,using ,using ,using ,using ,using ,using ,using ,tiger cccccc  Tortoise,using ,using ,using ,using ,using ,using ,using ,using ,using ,using ,using ,using ,using ,using ,using ,using ,using ,using ,using ,using ,tiger cccccc  Tortoise,using ,using ,using ,using ,using ,tiger cccccc  Tortoise,using ,using ,tiger cccccc  Tortoise,using ,using ,tiger cccccc  Tortoise,using ,using ,using ,using ,using ,using ,using ,using ,using ,tiger cccccc  Tortoise,using ,tiger cccccc  Tortoise,tiger cccccc  Tortoise,tiger cccccc  Tortoise,using ,using ,tiger cccccc  Tortoise,tiger cccccc  Tortoise,using ,tiger cccccc  Tortoise,tiger cccccc  Tortoise,tiger cccccc  Tortoise,tiger cccccc  Tortoise,tiger cccccc  Tortoise,tiger cccccc  Tortoise,using ,using ,using ,tiger cccccc  Tortoise,tiger cccccc  Tortoise,tiger cccccc  Tortoise,using ,tiger cccccc  Tortoise,tiger cccccc  Tortoise,using ,using ,using ,tiger cccccc  Tortoise,tiger cccccc  Tortoise,using ,tiger cccccc  Tortoise,tiger cccccc  Tortoise,tiger cccccc  Tortoise,using ,tiger cccccc  Tortoise,tiger cccccc  Tortoise,tiger cccccc  Tortoise,tiger cccccc  Tortoise,tiger cccccc  Tortoise,tiger cccccc  Tortoise,tiger cccccc  Tortoise,tiger cccccc  Tortoise,tiger cccccc  Tortoise,tiger cccccc  Tortoise,tiger cccccc  Tortoise,using ,using ,tiger cccccc  Tortoise,tiger cccccc  Tortoise,tiger cccccc  Tortoise,tiger cccccc  Tortoise,using ,using ,tiger cccccc  Tortoise,using ,tiger cccccc  Tortoise,using ,tiger cccccc  Tortoise,using ,using ,using ,using ,tiger cccccc  Tortoise,using ,using ,using ,tiger cccccc  Tortoise,tiger cccccc  Tortoise,using ,tiger cccccc  Tortoise,using ,tiger cccccc  Tortoise,tiger cccccc  Tortoise,tiger cccccc  Tortoise,using ,using ,tiger cccccc  Tortoise
22,__background__,tiger cccccc  Tortoise,walking in ,tiger cccccc  Tortoise,tiger cccccc  Tortoise,tiger cccccc  Tortoise,tiger cccccc  Tortoise,tiger cccccc  Tortoise,walking in ,tiger cccccc  Tortoise,tiger cccccc  Tortoise,walking in ,walking in ,tiger cccccc  Tortoise,walking in ,tiger cccccc  Tortoise,walking in ,tiger cccccc  Tortoise,walking in ,tiger cccccc  Tortoise,walking in ,tiger cccccc  Tortoise,tiger cccccc  Tortoise,tiger cccccc  Tortoise,tiger cccccc  Tortoise,tiger cccccc  Tortoise,tiger cccccc  Tortoise,walking in ,tiger cccccc  Tortoise,walking in ,tiger cccccc  Tortoise,tiger cccccc  Tortoise,tiger cccccc  Tortoise,walking in ,tiger cccccc  Tortoise,tiger cccccc  Tortoise,tiger cccccc  Tortoise,walking in ,tiger cccccc  Tortoise,tiger cccccc  Tortoise,tiger cccccc  Tortoise,walking in ,tiger cccccc  Tortoise,tiger cccccc  Tortoise,tiger cccccc  Tortoise,tiger cccccc  Tortoise,tiger cccccc  Tortoise,tiger cccccc  Tortoise,tiger cccccc  Tortoise,tiger cccccc  Tortoise,tiger cccccc  Tortoise,tiger cccccc  Tortoise,walking in ,walking in ,tiger cccccc  Tortoise,tiger cccccc  Tortoise,walking in ,walking in ,walking in ,walking in ,tiger cccccc  Tortoise,tiger cccccc  Tortoise,tiger cccccc  Tortoise,tiger cccccc  Tortoise,walking in ,tiger cccccc  Tortoise,tiger cccccc  Tortoise,tiger cccccc  Tortoise,walking in ,tiger cccccc  Tortoise,walking in ,tiger cccccc  Tortoise,tiger cccccc  Tortoise,tiger cccccc  Tortoise,walking in ,tiger cccccc  Tortoise,tiger cccccc  Tortoise,tiger cccccc  Tortoise,walking in ,walking in ,tiger cccccc  Tortoise,tiger cccccc  Tortoise,tiger cccccc  Tortoise,tiger cccccc  Tortoise,tiger cccccc  Tortoise,tiger cccccc  Tortoise,tiger cccccc  Tortoise,tiger cccccc  Tortoise,tiger cccccc  Tortoise,walking in ,walking in ,walking in ,tiger cccccc  Tortoise,tiger cccccc  Tortoise,tiger cccccc  Tortoise,tiger cccccc  Tortoise,tiger cccccc  Tortoise,tiger cccccc  Tortoise,walking in ,tiger cccccc  Tortoise,tiger cccccc  Tortoise,tiger cccccc  Tortoise,tiger cccccc  Tortoise,tiger cccccc  Tortoise,tiger cccccc  Tortoise,tiger cccccc  Tortoise,tiger cccccc  Tortoise,tiger cccccc  Tortoise,tiger cccccc  Tortoise,walking in ,tiger cccccc  Tortoise,tiger cccccc  Tortoise,walking in ,tiger cccccc  Tortoise,tiger cccccc  Tortoise,tiger cccccc  Tortoise,tiger cccccc  Tortoise,tiger cccccc  Tortoise,tiger cccccc  Tortoise,walking in ,walking in ,tiger cccccc  Tortoise,tiger cccccc  Tortoise,tiger cccccc  Tortoise,tiger cccccc  Tortoise,tiger cccccc  Tortoise,tiger cccccc  Tortoise,tiger cccccc  Tortoise,tiger cccccc  Tortoise,tiger cccccc  Tortoise,tiger cccccc  Tortoise,tiger cccccc  Tortoise,tiger cccccc  Tortoise,tiger cccccc  Tortoise,tiger cccccc  Tortoise,tiger cccccc  Tortoise,tiger cccccc  Tortoise,tiger cccccc  Tortoise,tiger cccccc  Tortoise,tiger cccccc  Tortoise,tiger cccccc  Tortoise,tiger cccccc  Tortoise,tiger cccccc  Tortoise,tiger cccccc  Tortoise,tiger cccccc  Tortoise,tiger cccccc  Tortoise,tiger cccccc  Tortoise,tiger cccccc  Tortoise,tiger cccccc  Tortoise,walking in ,walking in 
23,__background__,tiger cccccc  Tortoise,walking on ,tiger cccccc  Tortoise,tiger cccccc  Tortoise,tiger cccccc  Tortoise,tiger cccccc  Tortoise,tiger cccccc  Tortoise,walking on ,walking on ,tiger cccccc  Tortoise,walking on ,walking on ,walking on ,walking on ,tiger cccccc  Tortoise,walking on ,walking on ,walking on ,tiger cccccc  Tortoise,walking on ,tiger cccccc  Tortoise,tiger cccccc  Tortoise,tiger cccccc  Tortoise,tiger cccccc  Tortoise,tiger cccccc  Tortoise,tiger cccccc  Tortoise,walking on ,tiger cccccc  Tortoise,walking on ,tiger cccccc  Tortoise,tiger cccccc  Tortoise,tiger cccccc  Tortoise,walking on ,tiger cccccc  Tortoise,tiger cccccc  Tortoise,tiger cccccc  Tortoise,walking on ,tiger cccccc  Tortoise,tiger cccccc  Tortoise,tiger cccccc  Tortoise,walking on ,tiger cccccc  Tortoise,tiger cccccc  Tortoise,tiger cccccc  Tortoise,tiger cccccc  Tortoise,tiger cccccc  Tortoise,tiger cccccc  Tortoise,tiger cccccc  Tortoise,tiger cccccc  Tortoise,tiger cccccc  Tortoise,tiger cccccc  Tortoise,walking on ,walking on ,tiger cccccc  Tortoise,tiger cccccc  Tortoise,walking on ,walking on ,walking on ,walking on ,walking on ,tiger cccccc  Tortoise,walking on ,walking on ,walking on ,tiger cccccc  Tortoise,tiger cccccc  Tortoise,tiger cccccc  Tortoise,walking on ,tiger cccccc  Tortoise,walking on ,tiger cccccc  Tortoise,tiger cccccc  Tortoise,tiger cccccc  Tortoise,walking on ,tiger cccccc  Tortoise,tiger cccccc  Tortoise,tiger cccccc  Tortoise,walking on ,walking on ,walking on ,tiger cccccc  Tortoise,tiger cccccc  Tortoise,tiger cccccc  Tortoise,tiger cccccc  Tortoise,tiger cccccc  Tortoise,tiger cccccc  Tortoise,tiger cccccc  Tortoise,tiger cccccc  Tortoise,walking on ,walking on ,walking on ,tiger cccccc  Tortoise,tiger cccccc  Tortoise,tiger cccccc  Tortoise,tiger cccccc  Tortoise,tiger cccccc  Tortoise,tiger cccccc  Tortoise,walking on ,tiger cccccc  Tortoise,tiger cccccc  Tortoise,tiger cccccc  Tortoise,tiger cccccc  Tortoise,tiger cccccc  Tortoise,tiger cccccc  Tortoise,tiger cccccc  Tortoise,tiger cccccc  Tortoise,tiger cccccc  Tortoise,tiger cccccc  Tortoise,walking on ,tiger cccccc  Tortoise,tiger cccccc  Tortoise,walking on ,tiger cccccc  Tortoise,tiger cccccc  Tortoise,tiger cccccc  Tortoise,tiger cccccc  Tortoise,tiger cccccc  Tortoise,tiger cccccc  Tortoise,walking on ,walking on ,tiger cccccc  Tortoise,tiger cccccc  Tortoise,tiger cccccc  Tortoise,tiger cccccc  Tortoise,tiger cccccc  Tortoise,tiger cccccc  Tortoise,tiger cccccc  Tortoise,tiger cccccc  Tortoise,tiger cccccc  Tortoise,tiger cccccc  Tortoise,tiger cccccc  Tortoise,tiger cccccc  Tortoise,tiger cccccc  Tortoise,tiger cccccc  Tortoise,tiger cccccc  Tortoise,tiger cccccc  Tortoise,tiger cccccc  Tortoise,tiger cccccc  Tortoise,tiger cccccc  Tortoise,tiger cccccc  Tortoise,tiger cccccc  Tortoise,tiger cccccc  Tortoise,tiger cccccc  Tortoise,tiger cccccc  Tortoise,tiger cccccc  Tortoise,tiger cccccc  Tortoise,tiger cccccc  Tortoise,tiger cccccc  Tortoise,walking on ,walking on 
24,__background__,tiger cccccc  Tortoise,watching ,tiger cccccc  Tortoise,tiger cccccc  Tortoise,tiger cccccc  Tortoise,tiger cccccc  Tortoise,tiger cccccc  Tortoise,watching ,tiger cccccc  Tortoise,watching ,tiger cccccc  Tortoise,watching ,watching ,tiger cccccc  Tortoise,tiger cccccc  Tortoise,tiger cccccc  Tortoise,tiger cccccc  Tortoise,tiger cccccc  Tortoise,tiger cccccc  Tortoise,watching ,tiger cccccc  Tortoise,tiger cccccc  Tortoise,tiger cccccc  Tortoise,tiger cccccc  Tortoise,watching ,watching ,watching ,watching ,watching ,tiger cccccc  Tortoise,watching ,tiger cccccc  Tortoise,watching ,watching ,watching ,tiger cccccc  Tortoise,watching ,tiger cccccc  Tortoise,tiger cccccc  Tortoise,tiger cccccc  Tortoise,watching ,tiger cccccc  Tortoise,watching ,watching,tiger cccccc  Tortoise,tiger cccccc  Tortoise,watching ,tiger cccccc  Tortoise,tiger cccccc  Tortoise,tiger cccccc  Tortoise,tiger cccccc  Tortoise,watching ,watching ,tiger cccccc  Tortoise,tiger cccccc  Tortoise,watching ,tiger cccccc  Tortoise,watching ,tiger cccccc  Tortoise,tiger cccccc  Tortoise,watching ,tiger cccccc  Tortoise,tiger cccccc  Tortoise,watching ,watching ,tiger cccccc  Tortoise,tiger cccccc  Tortoise,watching ,tiger cccccc  Tortoise,watching ,tiger cccccc  Tortoise,tiger cccccc  Tortoise,tiger cccccc  Tortoise,tiger cccccc  Tortoise,tiger cccccc  Tortoise,tiger cccccc  Tortoise,tiger cccccc  Tortoise,watching ,watching ,tiger cccccc  Tortoise,tiger cccccc  Tortoise,tiger cccccc  Tortoise,tiger cccccc  Tortoise,tiger cccccc  Tortoise,tiger cccccc  Tortoise,tiger cccccc  Tortoise,tiger cccccc  Tortoise,tiger cccccc  Tortoise,tiger cccccc  Tortoise,watching ,watching ,tiger cccccc  Tortoise,tiger cccccc  Tortoise,tiger cccccc  Tortoise,tiger cccccc  Tortoise,tiger cccccc  Tortoise,tiger cccccc  Tortoise,watching ,tiger cccccc  Tortoise,tiger cccccc  Tortoise,tiger cccccc  Tortoise,tiger cccccc  Tortoise,tiger cccccc  Tortoise,tiger cccccc  Tortoise,tiger cccccc  Tortoise,tiger cccccc  Tortoise,tiger cccccc  Tortoise,tiger cccccc  Tortoise,watching ,tiger cccccc  Tortoise,tiger cccccc  Tortoise,tiger cccccc  Tortoise,tiger cccccc  Tortoise,tiger cccccc  Tortoise,tiger cccccc  Tortoise,tiger cccccc  Tortoise,tiger cccccc  Tortoise,tiger cccccc  Tortoise,watching ,tiger cccccc  Tortoise,tiger cccccc  Tortoise,tiger cccccc  Tortoise,tiger cccccc  Tortoise,tiger cccccc  Tortoise,tiger cccccc  Tortoise,tiger cccccc  Tortoise,tiger cccccc  Tortoise,tiger cccccc  Tortoise,tiger cccccc  Tortoise,tiger cccccc  Tortoise,tiger cccccc  Tortoise,tiger cccccc  Tortoise,tiger cccccc  Tortoise,tiger cccccc  Tortoise,tiger cccccc  Tortoise,tiger cccccc  Tortoise,tiger cccccc  Tortoise,tiger cccccc  Tortoise,tiger cccccc  Tortoise,tiger cccccc  Tortoise,tiger cccccc  Tortoise,tiger cccccc  Tortoise,tiger cccccc  Tortoise,tiger cccccc  Tortoise,tiger cccccc  Tortoise,tiger cccccc  Tortoise,tiger cccccc  Tortoise,tiger cccccc  Tortoise,watching ,watching 
